tray;pot;weight only;weight;position
1;1;WEIGHT;0.136;1_1
1;2;;0.146;1_2
1;3;;0.169;1_3
1;4;;0.196;1_4
1;5;;0.188;1_5
1;6;;0.206;1_6
1;7;;0.276;1_7
1;8;;0.103;1_8
1;9;;0.142;1_9
1;10;WEIGHT;0.228;1_10
1;11;WEIGHT;0.104;1_11
1;12;;0.152;1_12
1;13;;0.075;1_13
1;14;;0.144;1_14
1;15;;0.328;1_15
1;16;;0.067;1_16
1;17;;0.039;1_17
1;18;;0.233;1_18
1;19;WEIGHT;0.205;1_19
1;21;;0.145;1_21
1;22;;0.031;1_22
1;23;;0.164;1_23
1;24;;0.085;1_24
1;25;;0.28;1_25
1;26;WEIGHT;0.035;1_26
1;27;;0.211;1_27
1;28;;0.116;1_28
1;29;WEIGHT;0.128;1_29
1;30;WEIGHT;0.159;1_30
1;31;;0.212;1_31
1;32;WEIGHT;0.203;1_32
1;33;;0.072;1_33
1;34;;0.174;1_34
1;35;;0.167;1_35
1;36;;0.082;1_36
1;37;;0.084;1_37
1;38;;0.16;1_38
1;39;WEIGHT;0.116;1_39
1;40;;0.1;1_40
1;41;;0.144;1_41
1;42;;0.09;1_42
1;43;;0.122;1_43
1;44;;0.053;1_44
1;45;;0.181;1_45
1;46;;0.313;1_46
1;47;;0.122;1_47
1;48;;0.209;1_48
2;1;WEIGHT;0.068;2_1
2;2;;0.305;2_2
2;3;;0.18;2_3
2;4;WEIGHT;0.251;2_4
2;5;;0.125;2_5
2;6;;0.027;2_6
2;7;;0.131;2_7
2;8;;0.095;2_8
2;9;;0.17;2_9
2;10;WEIGHT;0.113;2_10
2;11;WEIGHT;0.21;2_11
2;12;WEIGHT;0.156;2_12
2;13;WEIGHT;0.276;2_13
2;14;;0.088;2_14
2;15;;0.1;2_15
2;16;;0.091;2_16
2;17;;0.159;2_17
2;18;;0.183;2_18
2;19;;0.113;2_19
2;20;WEIGHT;0.02;2_20
2;21;;0.223;2_21
2;22;;0.141;2_22
2;23;;0.056;2_23
2;24;;0.257;2_24
2;26;;0.207;2_26
2;27;;0.233;2_27
2;28;;0.109;2_28
2;29;;0.134;2_29
2;30;;0.25;2_30
2;31;;0.081;2_31
2;32;;0.154;2_32
2;33;;0.035;2_33
2;34;;0.16;2_34
2;35;;0.235;2_35
2;36;WEIGHT;0.194;2_36
2;37;;0.139;2_37
2;38;;0.227;2_38
2;39;;0.144;2_39
2;40;;0.172;2_40
2;41;;0.121;2_41
2;42;;0.333;2_42
2;43;;0.11;2_43
2;44;WEIGHT;0.19;2_44
2;45;;0.165;2_45
2;46;;0.293;2_46
2;47;;0.15;2_47
2;48;;0.187;2_48
3;1;WEIGHT;0.167;3_1
3;2;;0.207;3_2
3;3;;0.174;3_3
3;4;;0.179;3_4
3;5;;0.133;3_5
3;6;;0.195;3_6
3;7;WEIGHT;0.199;3_7
3;8;;0.095;3_8
3;9;;0.163;3_9
3;10;;0.081;3_10
3;11;;0.134;3_11
3;12;;0.099;3_12
3;13;WEIGHT;0.309;3_13
3;14;;0.209;3_14
3;15;;0.202;3_15
3;16;WEIGHT;0.136;3_16
3;17;;0.052;3_17
3;18;WEIGHT;0.219;3_18
3;19;;0.34;3_19
3;20;;0.146;3_20
3;21;WEIGHT;0.318;3_21
3;22;;0.305;3_22
3;23;;0.202;3_23
3;24;;0.179;3_24
3;25;;0.026;3_25
3;26;;0.14;3_26
3;27;WEIGHT;0.297;3_27
3;28;;0.123;3_28
3;29;;0.183;3_29
3;30;;0.321;3_30
3;31;;0.164;3_31
3;32;WEIGHT;0.028;3_32
3;33;;0.05;3_33
3;34;;0.11;3_34
3;35;WEIGHT;0.17;3_35
3;36;;0.321;3_36
3;37;;0.119;3_37
3;38;;0.25;3_38
3;39;;0.285;3_39
3;40;;0.125;3_40
3;41;;0.192;3_41
3;42;;0.259;3_42
3;43;;0.271;3_43
3;44;WEIGHT;0.179;3_44
3;45;;0.131;3_45
3;46;;0.137;3_46
3;47;;0.155;3_47
3;48;;0.247;3_48
4;1;;0.25;4_1
4;2;;0.193;4_2
4;3;WEIGHT;0.107;4_3
4;4;;0.151;4_4
4;5;;0.12;4_5
4;6;;0.197;4_6
4;7;WEIGHT;0.23;4_7
4;8;;0.138;4_8
4;9;WEIGHT;0.093;4_9
4;10;;0.095;4_10
4;11;;0.152;4_11
4;12;WEIGHT;0.412;4_12
4;13;WEIGHT;0.112;4_13
4;14;;0.179;4_14
4;15;;0.026;4_15
4;16;;0.276;4_16
4;17;;0.043;4_17
4;18;WEIGHT;0.159;4_18
4;19;;0.089;4_19
4;20;;0.121;4_20
4;21;;0.155;4_21
4;22;;0.274;4_22
4;23;;0.22;4_23
4;24;;0.092;4_24
4;25;;0.23;4_25
4;26;;0.096;4_26
4;27;;0.244;4_27
4;28;WEIGHT;0.208;4_28
4;29;;0.145;4_29
4;30;;0.123;4_30
4;31;;0.201;4_31
4;32;;0.13;4_32
4;33;;0.221;4_33
4;34;;0.263;4_34
4;35;;0.177;4_35
4;36;;0.059;4_36
4;37;;0.285;4_37
4;38;;0.193;4_38
4;39;WEIGHT;0.098;4_39
4;40;;0.142;4_40
4;41;;0.162;4_41
4;42;WEIGHT;0.229;4_42
4;43;;0.173;4_43
4;44;WEIGHT;0.043;4_44
4;45;;0.097;4_45
4;46;;0.218;4_46
4;47;;0.305;4_47
4;48;;0.178;4_48
5;1;;0.155;5_1
5;2;;0.142;5_2
5;3;WEIGHT;0.261;5_3
5;4;;0.057;5_4
5;5;;0.1;5_5
5;6;;0.08;5_6
5;7;;0.104;5_7
5;8;;0.131;5_8
5;9;;0.077;5_9
5;10;;0.157;5_10
5;11;;0.124;5_11
5;12;;0.263;5_12
5;13;;0.096;5_13
5;14;;0.101;5_14
5;15;;0.159;5_15
5;16;;0.077;5_16
5;17;;0.13;5_17
5;18;;0.032;5_18
5;19;;0.156;5_19
5;20;WEIGHT;0.179;5_20
5;21;;0.248;5_21
5;22;;0.133;5_22
5;23;;0.033;5_23
5;24;;0.221;5_24
5;25;WEIGHT;0.187;5_25
5;26;WEIGHT;0.067;5_26
5;27;WEIGHT;0.124;5_27
5;28;WEIGHT;0.108;5_28
5;29;WEIGHT;0.15;5_29
5;30;;0.03;5_30
5;31;;0.209;5_31
5;32;;0.107;5_32
5;33;;0.125;5_33
5;34;WEIGHT;0.126;5_34
5;35;;0.166;5_35
5;36;;0.144;5_36
5;37;WEIGHT;0.185;5_37
5;38;;0.202;5_38
5;39;;0.114;5_39
5;40;;0.15;5_40
5;41;;0.152;5_41
5;42;;0.205;5_42
5;43;;0.302;5_43
5;44;;0.189;5_44
5;45;;0.251;5_45
5;46;;0.125;5_46
5;47;;0.275;5_47
5;48;WEIGHT;0.148;5_48
6;1;;0.218;6_1
6;2;;0.149;6_2
6;3;;0.275;6_3
6;4;WEIGHT;0.165;6_4
6;5;WEIGHT;0.061;6_5
6;6;WEIGHT;0.078;6_6
6;7;;0.043;6_7
6;8;;0.227;6_8
6;9;;0.126;6_9
6;10;;0.212;6_10
6;11;;0.06;6_11
6;12;WEIGHT;0.101;6_12
6;13;WEIGHT;0.164;6_13
6;14;;0.253;6_14
6;15;WEIGHT;0.211;6_15
6;16;;0.132;6_16
6;17;;0.086;6_17
6;18;;0.111;6_18
6;19;;0.121;6_19
6;20;;0.259;6_20
6;21;;0.043;6_21
6;22;;0.159;6_22
6;23;;0.177;6_23
6;24;;0.19;6_24
6;25;;0.239;6_25
6;26;;0.276;6_26
6;27;WEIGHT;0.15;6_27
6;28;;0.246;6_28
6;29;;0.246;6_29
6;30;;0.185;6_30
6;31;;0.116;6_31
6;32;;0.149;6_32
6;33;;0.148;6_33
6;34;;0.257;6_34
6;35;WEIGHT;0.252;6_35
6;36;;0.03;6_36
6;37;;0.136;6_37
6;38;WEIGHT;0.15;6_38
6;39;;0.121;6_39
6;40;WEIGHT;0.028;6_40
6;41;;0.114;6_41
6;42;;0.088;6_42
6;43;;0.154;6_43
6;44;;0.2;6_44
6;45;;0.119;6_45
6;46;;0.314;6_46
6;47;;0.16;6_47
6;48;;0.231;6_48
7;1;;0.151;7_1
7;2;;0.192;7_2
7;3;;0.114;7_3
7;4;;0.227;7_4
7;5;;0.033;7_5
7;6;;0.161;7_6
7;7;;0.224;7_7
7;8;;0.118;7_8
7;9;;0.105;7_9
7;10;;0.112;7_10
7;11;WEIGHT;0.135;7_11
7;12;WEIGHT;0.234;7_12
7;13;;0.156;7_13
7;14;;0.147;7_14
7;15;;0.157;7_15
7;16;;0.212;7_16
7;17;;0.139;7_17
7;18;WEIGHT;0.135;7_18
7;19;;0.073;7_19
7;20;;0.151;7_20
7;21;;0.099;7_21
7;22;;0.148;7_22
7;23;;0.087;7_23
7;24;WEIGHT;0.122;7_24
7;25;WEIGHT;0.136;7_25
7;26;WEIGHT;0.139;7_26
7;27;;0.21;7_27
7;28;WEIGHT;0.109;7_28
7;29;;0.202;7_29
7;30;;0.182;7_30
7;31;WEIGHT;0.377;7_31
7;32;;0.128;7_32
7;33;;0.096;7_33
7;34;;0.089;7_34
7;35;;0.097;7_35
7;36;;0.098;7_36
7;37;;0.149;7_37
7;38;;0.174;7_38
7;39;;0.13;7_39
7;40;;0.225;7_40
7;41;;0.181;7_41
7;42;;0.039;7_42
7;43;;0.06;7_43
7;44;;0.299;7_44
7;45;WEIGHT;0.028;7_45
7;46;;0.176;7_46
7;47;WEIGHT;0.173;7_47
7;48;;0.179;7_48
8;1;WEIGHT;0.17511;8_1
8;2;;0.18501;8_2
8;3;;0.2435;8_3
8;4;;0.24967;8_4
8;5;;0.04112;8_5
8;6;;0.17147;8_6
8;7;;0.20461;8_7
8;8;WEIGHT;0.15849;8_8
8;9;;0.09885;8_9
8;10;WEIGHT;0.04345;8_10
8;11;;0.12635;8_11
8;12;;0.1324;8_12
8;13;;0.17203;8_13
8;14;;0.18673;8_14
8;15;;0.12856;8_15
8;16;WEIGHT;0.1945;8_16
8;17;WEIGHT;0.24097;8_17
8;18;;0.121;8_18
8;19;;0.166;8_19
8;20;;0.242;8_20
8;21;;0.141;8_21
8;22;;0.288;8_22
8;23;;0.167;8_23
8;24;WEIGHT;0.176;8_24
8;25;;0.154;8_25
8;26;WEIGHT;0.157;8_26
8;27;WEIGHT;0.198;8_27
8;28;;0.407;8_28
8;29;;0.109;8_29
8;30;;0.114;8_30
8;31;;0.157;8_31
8;32;;0.183;8_32
8;33;;0.111;8_33
8;34;;0.209;8_34
8;35;;0.052;8_35
8;36;;0.259;8_36
8;37;;0.246;8_37
8;38;WEIGHT;0.166;8_38
8;39;;0.212;8_39
8;40;;0.153;8_40
8;41;;0.117;8_41
8;42;;0.266;8_42
8;43;;0.164;8_43
8;44;;0.248;8_44
8;45;;0.135;8_45
8;46;WEIGHT;0.173;8_46
8;47;;0.127;8_47
8;48;;0.037;8_48
9;1;;0.083;9_1
9;2;;0.181;9_2
9;3;WEIGHT;0.125;9_3
9;4;;0.081;9_4
9;5;WEIGHT;0.17;9_5
9;6;;0.153;9_6
9;7;;0.241;9_7
9;8;;0.15;9_8
9;9;;0.169;9_9
9;10;;0.156;9_10
9;11;;0.09;9_11
9;12;;0.081;9_12
9;13;;0.205;9_13
9;14;;0.118;9_14
9;15;WEIGHT;0.164;9_15
9;16;;0.14;9_16
9;17;;0.113;9_17
9;18;;0.253;9_18
9;19;;0.128;9_19
9;20;;0.121;9_20
9;21;;0.072;9_21
9;22;;0.176;9_22
9;23;;0.068;9_23
9;24;WEIGHT;0.165;9_24
9;25;;0.13;9_25
9;26;WEIGHT;0.157;9_26
9;27;;0.131;9_27
9;28;;0.121;9_28
9;29;;0.121;9_29
9;30;WEIGHT;0.167;9_30
9;31;;0.255;9_31
9;32;;0.164;9_32
9;33;;0.153;9_33
9;34;;0.031;9_34
9;35;WEIGHT;0.072;9_35
9;36;;0.168;9_36
9;37;WEIGHT;0.17;9_37
9;38;;0.156;9_38
9;39;;0.221;9_39
9;40;;0.083;9_40
9;41;;0.051;9_41
9;42;;0.138;9_42
9;43;;0.234;9_43
9;44;WEIGHT;0.093;9_44
9;45;WEIGHT;0.10011;9_45
9;46;;0.266;9_46
9;47;;0.07315;9_47
9;48;;0.262;9_48
10;1;;0.107;10_1
10;2;;0.163;10_2
10;3;;0.116;10_3
10;4;;0.162;10_4
10;5;WEIGHT;0.15;10_5
10;6;WEIGHT;0.111;10_6
10;7;WEIGHT;0.181;10_7
10;8;;0.097;10_8
10;9;;0.165;10_9
10;10;;0.211;10_10
10;11;;0.125;10_11
10;12;;0.191;10_12
10;13;WEIGHT;0.151;10_13
10;14;;0.1997;10_14
10;15;;0.314;10_15
10;16;WEIGHT;0.167;10_16
10;17;;0.199;10_17
10;18;;0.149;10_18
10;19;;0.114;10_19
10;20;;0.254;10_20
10;21;;0.221;10_21
10;22;;0.112;10_22
10;23;;0.242;10_23
10;24;WEIGHT;0.143;10_24
10;25;WEIGHT;0.044;10_25
10;26;;0.149;10_26
10;27;;0.197;10_27
10;28;;0.278;10_28
10;29;;0.226;10_29
10;30;;0.044;10_30
10;31;;0.115;10_31
10;32;;0.179;10_32
10;33;;0.131;10_33
10;34;WEIGHT;0.192;10_34
10;35;;0.326;10_35
10;36;WEIGHT;0.166;10_36
10;37;;0.124;10_37
10;38;;0.191;10_38
10;39;;0.176;10_39
10;40;;0.174;10_40
10;41;;0.151;10_41
10;42;;0.164;10_42
10;43;;0.323;10_43
10;44;WEIGHT;0.267;10_44
10;45;;0.033;10_45
10;46;;0.043;10_46
10;47;;0.287;10_47
10;48;;0.315;10_48
11;1;;0.178;11_1
11;2;;0.093;11_2
11;3;;0.059;11_3
11;4;;0.241;11_4
11;5;;0.207;11_5
11;6;;0.259;11_6
11;7;;0.149;11_7
11;8;;0.042;11_8
11;9;WEIGHT;0.189;11_9
11;10;;0.113;11_10
11;11;;0.132;11_11
11;12;;0.082;11_12
11;13;;0.099;11_13
11;14;;0.143;11_14
11;15;;0.153;11_15
11;16;;0.193;11_16
11;17;;0.236;11_17
11;18;WEIGHT;0.06;11_18
11;19;WEIGHT;0.115;11_19
11;20;;0.14;11_20
11;21;;0.244;11_21
11;22;WEIGHT;0.122;11_22
11;23;;0.247;11_23
11;24;;0.175;11_24
11;25;;0.095;11_25
11;26;WEIGHT;0.263;11_26
11;27;;0.231;11_27
11;28;;0.033;11_28
11;29;WEIGHT;0.154;11_29
11;30;;0.121;11_30
11;31;;0.252;11_31
11;32;WEIGHT;0.198;11_32
11;33;;0.216;11_33
11;34;WEIGHT;0.175;11_34
11;35;;0.077;11_35
11;36;;0.247;11_36
11;37;;0.24;11_37
11;38;;0.204;11_38
11;39;WEIGHT;0.127;11_39
11;40;;0.123;11_40
11;41;;0.187;11_41
11;42;;0.156;11_42
11;43;;0.084;11_43
11;44;;0.201;11_44
11;45;;0.079;11_45
11;46;;0.206;11_46
11;47;WEIGHT;0.262;11_47
11;48;;0.268;11_48
12;1;;0.072;12_1
12;2;;0.138;12_2
12;3;;0.184;12_3
12;4;WEIGHT;0.109;12_4
12;5;;0.152;12_5
12;6;;0.103;12_6
12;7;;0.119;12_7
12;8;;0.139;12_8
12;9;;0.192;12_9
12;10;WEIGHT;0.095;12_10
12;11;;0.196;12_11
12;12;;0.038;12_12
12;13;;0.109;12_13
12;14;;0.146;12_14
12;15;;0.224;12_15
12;16;;0.116;12_16
12;17;;0.152;12_17
12;18;;0.127;12_18
12;19;;0.17;12_19
12;20;;0.175;12_20
12;21;;0.159;12_21
12;22;;0.125;12_22
12;23;;0.215;12_23
12;24;WEIGHT;0.054;12_24
12;25;;0.178;12_25
12;26;WEIGHT;0.077;12_26
12;27;WEIGHT;0.203;12_27
12;28;WEIGHT;0.141;12_28
12;29;WEIGHT;0.162;12_29
12;30;;0.048;12_30
12;31;;0.132;12_31
12;32;;0.191;12_32
12;33;;0.135;12_33
12;34;WEIGHT;0.219;12_34
12;35;;0.252;12_35
12;36;WEIGHT;0.213;12_36
12;37;;0.132;12_37
12;38;;0.21;12_38
12;39;;0.227;12_39
12;40;;0.204;12_40
12;41;;0.126;12_41
12;42;;0.144;12_42
12;43;WEIGHT;0.099;12_43
12;44;;0.121;12_44
12;45;;0.129;12_45
12;46;;0.144;12_46
12;47;;0.159;12_47
12;48;;0.054;12_48
13;1;;0.036;13_1
13;2;;0.169;13_2
13;3;;0.137;13_3
13;4;;0.205;13_4
13;5;;0.105;13_5
13;6;;0.131;13_6
13;7;WEIGHT;0.188;13_7
13;8;;0.039;13_8
13;9;WEIGHT;0.125;13_9
13;10;;0.077;13_10
13;11;WEIGHT;0.206;13_11
13;12;;0.191;13_12
13;13;WEIGHT;0.174;13_13
13;14;;0.11;13_14
13;15;;0.198;13_15
13;16;;0.062;13_16
13;17;WEIGHT;0.11;13_17
13;18;;0.088;13_18
13;19;;0.16;13_19
13;20;;0.118;13_20
13;21;;0.123;13_21
13;22;;0.112;13_22
13;23;;0.158;13_23
13;24;WEIGHT;0.126;13_24
13;25;;0.236;13_25
13;26;;0.132;13_26
13;27;WEIGHT;0.147;13_27
13;28;WEIGHT;0.088;13_28
13;29;;0.181;13_29
13;30;;0.163;13_30
13;31;;0.271;13_31
13;32;;0.185;13_32
13;33;;0.0298;13_33
13;34;;0.111;13_34
13;35;;0.348;13_35
13;36;;0.258;13_36
13;37;;0.177;13_37
13;38;;0.107;13_38
13;39;;0.093;13_39
13;40;;0.081;13_40
13;41;WEIGHT;0.047;13_41
13;43;;0.297;13_43
13;44;WEIGHT;0.206;13_44
13;45;;0.2;13_45
13;46;;0.273;13_46
13;47;;0.201;13_47
13;48;;0.114;13_48
14;1;WEIGHT;0.046;14_1
14;2;;0.18;14_2
14;3;;0.25;14_3
14;4;;0.106;14_4
14;5;;0.189;14_5
14;6;WEIGHT;0.179;14_6
14;7;;0.222;14_7
14;8;;0.158;14_8
14;9;;0.063;14_9
14;10;;0.125;14_10
14;11;WEIGHT;0.197;14_11
14;12;;0.074;14_12
14;13;;0.054;14_13
14;14;;0.225;14_14
14;15;WEIGHT;0.089;14_15
14;16;;0.115;14_16
14;17;;0.025;14_17
14;18;;0.139;14_18
14;19;;0.132;14_19
14;20;;0.136;14_20
14;21;;0.159;14_21
14;22;;0.173;14_22
14;23;;0.17;14_23
14;24;;0.152;14_24
14;25;;0.172;14_25
14;26;;0.126;14_26
14;27;WEIGHT;0.125;14_27
14;28;;0.084;14_28
14;29;WEIGHT;0.104;14_29
14;30;;0.238;14_30
14;31;;0.106;14_31
14;32;WEIGHT;0.094;14_32
14;33;;0.289;14_33
14;34;;0.081;14_34
14;35;;0.105;14_35
14;36;;0.183;14_36
14;37;;0.179;14_37
14;38;WEIGHT;0.125;14_38
14;39;;0.149;14_39
14;40;;0.142;14_40
14;41;;0.04006;14_41
14;42;WEIGHT;0.107;14_42
14;43;;0.034;14_43
14;44;WEIGHT;0.176;14_44
14;45;;0.155;14_45
14;46;;0.265;14_46
14;47;;0.159;14_47
14;48;;0.14;14_48
15;1;WEIGHT;0.038;15_1
15;2;;0.217;15_2
15;3;WEIGHT;0.11;15_3
15;4;;0.179;15_4
15;5;;0.135;15_5
15;6;;0.115;15_6
15;7;;0.088;15_7
15;8;;0.158;15_8
15;9;;0.184;15_9
15;10;WEIGHT;0.182;15_10
15;11;;0.188;15_11
15;12;;0.186;15_12
15;13;WEIGHT;0.108;15_13
15;14;;0.189;15_14
15;15;;0.169;15_15
15;16;;0.207;15_16
15;17;;0.064;15_17
15;18;;0.069;15_18
15;19;;0.044;15_19
15;20;;0.16;15_20
15;21;;0.167;15_21
15;22;;0.232;15_22
15;23;WEIGHT;0.263;15_23
15;24;;0.135;15_24
15;25;;0.146;15_25
15;26;;0.189;15_26
15;27;;0.19;15_27
15;28;;0.034;15_28
15;29;WEIGHT;0.168;15_29
15;30;WEIGHT;0.14;15_30
15;31;WEIGHT;0.258;15_31
15;32;;0.107;15_32
15;33;;0.079;15_33
15;34;WEIGHT;0.272;15_34
15;35;;0.087;15_35
15;36;;0.187;15_36
15;37;;0.256;15_37
15;38;;0.239;15_38
15;39;;0.083;15_39
15;40;;0.121;15_40
15;41;;0.115;15_41
15;42;;0.117;15_42
15;43;;0.093;15_43
15;44;;0.179;15_44
15;45;;0.111;15_45
15;46;;0.095;15_46
15;47;;0.031;15_47
15;48;WEIGHT;0.144;15_48
16;1;;0.173;16_1
16;2;;0.099;16_2
16;3;;0.188;16_3
16;4;;0.151;16_4
16;5;;0.121;16_5
16;6;;0.173;16_6
16;7;;0.032;16_7
16;8;;0.07;16_8
16;9;;0.186;16_9
16;10;;0.064;16_10
16;11;;0.245;16_11
16;12;;0.122;16_12
16;13;;0.136;16_13
16;14;;0.144;16_14
16;15;WEIGHT;0.11;16_15
16;16;WEIGHT;0.119;16_16
16;17;;0.171;16_17
16;18;;0.145;16_18
16;19;;0.25;16_19
16;20;WEIGHT;0.154;16_20
16;21;;0.217;16_21
16;22;;0.171;16_22
16;23;;0.194;16_23
16;24;;0.139;16_24
16;25;;0.05;16_25
16;26;WEIGHT;0.2;16_26
16;27;;0.1;16_27
16;28;;0.235;16_28
16;29;;0.24;16_29
16;30;WEIGHT;0.245;16_30
16;31;WEIGHT;0.154;16_31
16;32;;0.097;16_32
16;33;;0.099;16_33
16;34;WEIGHT;0.032;16_34
16;35;;0.143;16_35
16;36;WEIGHT;0.136;16_36
16;37;;0.242;16_37
16;38;;0.143;16_38
16;39;WEIGHT;0.19;16_39
16;40;;0.025;16_40
16;41;;0.16;16_41
16;42;;0.179;16_42
16;43;;0.261;16_43
16;44;;0.11;16_44
16;45;WEIGHT;0.204;16_45
16;46;;0.12;16_46
16;47;;0.148;16_47
16;48;;0.158;16_48
17;1;;0.099;17_1
17;2;;0.135;17_2
17;3;;0.086;17_3
17;4;;0.13;17_4
17;5;;0.128;17_5
17;6;;0.139;17_6
17;7;;0.189;17_7
17;8;;0.222;17_8
17;9;;0.159;17_9
17;10;;0.132;17_10
17;11;;0.143;17_11
17;12;WEIGHT;0.102;17_12
17;13;;0.048;17_13
17;14;;0.129;17_14
17;15;;0.038;17_15
17;16;WEIGHT;0.094;17_16
17;17;;0.155;17_17
17;18;;0.226;17_18
17;19;;0.201;17_19
17;20;;0.156;17_20
17;21;WEIGHT;0.181;17_21
17;22;;0.121;17_22
17;23;;0.115;17_23
17;24;;0.308;17_24
17;25;;0.152;17_25
17;26;;0.108;17_26
17;27;WEIGHT;0.187;17_27
17;28;WEIGHT;0.105;17_28
17;29;;0.145;17_29
17;30;;0.13;17_30
17;31;;0.135;17_31
17;32;;0.109;17_32
17;33;WEIGHT;0.063;17_33
17;34;WEIGHT;0.081;17_34
17;35;WEIGHT;0.09;17_35
17;36;;0.216;17_36
17;37;;0.207;17_37
17;38;;0.122;17_38
17;39;;0.044;17_39
17;40;;0.214;17_40
17;41;;0.204;17_41
17;42;;0.193;17_42
17;43;;0.205;17_43
17;44;WEIGHT;0.325;17_44
17;45;WEIGHT;0.256;17_45
17;46;;0.133;17_46
17;47;;0.397;17_47
17;48;;0.058;17_48
18;1;;0.136;18_1
18;2;;0.086;18_2
18;3;;0.101;18_3
18;4;WEIGHT;0.161;18_4
18;5;WEIGHT;0.191;18_5
18;6;;0.182;18_6
18;7;;0.195;18_7
18;8;;0.256;18_8
18;9;WEIGHT;0.188;18_9
18;10;;0.301;18_10
18;11;;0.177;18_11
18;12;;0.277;18_12
18;13;WEIGHT;0.206;18_13
18;14;;0.153;18_14
18;15;WEIGHT;0.093;18_15
18;16;;0.05;18_16
18;17;;0.282;18_17
18;18;;0.267;18_18
18;19;;0.208;18_19
18;20;;0.215;18_20
18;21;;0.135;18_21
18;22;;0.153;18_22
18;23;;0.166;18_23
18;24;;0.139;18_24
18;25;WEIGHT;0.142;18_25
18;26;WEIGHT;0.123;18_26
18;27;;0.235;18_27
18;28;;0.132;18_28
18;29;;0.174;18_29
18;30;WEIGHT;0.217;18_30
18;31;;0.06;18_31
18;32;;0.237;18_32
18;33;;0.117;18_33
18;34;;0.055;18_34
18;35;;0.087;18_35
18;36;;0.205;18_36
18;37;;0.26;18_37
18;38;;0.146;18_38
18;39;;0.149;18_39
18;40;;0.121;18_40
18;41;;0.209;18_41
18;42;;0.194;18_42
18;43;WEIGHT;0.053;18_43
18;44;;0.153;18_44
18;45;WEIGHT;0.284;18_45
18;46;;0.227;18_46
18;47;;0.204;18_47
18;48;;0.146;18_48
19;1;;0.185;19_1
19;2;;0.221;19_2
19;3;WEIGHT;0.058;19_3
19;4;;0.148;19_4
19;5;;0.26;19_5
19;6;;0.23;19_6
19;7;;0.112;19_7
19;8;;0.167;19_8
19;9;;0.186;19_9
19;10;;0.215;19_10
19;11;;0.053;19_11
19;12;WEIGHT;0.177;19_12
19;13;;0.275;19_13
19;14;;0.101;19_14
19;15;WEIGHT;0.248;19_15
19;16;;0.051;19_16
19;17;;0.148;19_17
19;18;;0.201;19_18
19;19;;0.108;19_19
19;20;;0.122;19_20
19;21;;0.189;19_21
19;22;;0.171;19_22
19;23;;0.154;19_23
19;24;;0.121;19_24
19;25;;0.114;19_25
19;26;;0.217;19_26
19;27;WEIGHT;0.191;19_27
19;28;WEIGHT;0.132;19_28
19;29;;0.053;19_29
19;30;;0.236;19_30
19;31;;0.238;19_31
19;32;;0.146;19_32
19;33;WEIGHT;0.229;19_33
19;34;;0.129;19_34
19;35;;0.252;19_35
19;36;;0.229;19_36
19;37;;0.24;19_37
19;38;;0.148;19_38
19;39;;0.167;19_39
19;40;WEIGHT;0.243;19_40
19;41;;0.245;19_41
19;42;;0.143;19_42
19;43;WEIGHT;0.235;19_43
19;44;;0.262;19_44
19;45;;0.179;19_45
19;46;;0.203;19_46
19;47;WEIGHT;0.093;19_47
19;48;WEIGHT;0.104;19_48
20;1;;0.126;20_1
20;2;;0.116;20_2
20;3;;0.288;20_3
20;4;;0.322;20_4
20;5;;0.05;20_5
20;6;;0.192;20_6
20;7;WEIGHT;0.045;20_7
20;8;WEIGHT;0.146;20_8
20;9;;0.115;20_9
20;10;;0.114;20_10
20;11;;0.265;20_11
20;12;;0.177;20_12
20;13;;0.091;20_13
20;14;;0.071;20_14
20;15;WEIGHT;0.181;20_15
20;16;;0.037;20_16
20;17;;0.18;20_17
20;18;;0.178;20_18
20;19;;0.106;20_19
20;20;;0.228;20_20
20;21;;0.127;20_21
20;22;WEIGHT;0.244;20_22
20;23;;0.188;20_23
20;24;;0.098;20_24
20;25;;0.201;20_25
20;26;;0.145;20_26
20;27;;0.132;20_27
20;28;;0.123;20_28
20;29;WEIGHT;0.21;20_29
20;30;;0.134;20_30
20;31;;0.082;20_31
20;32;;0.216;20_32
20;33;;0.193;20_33
20;34;WEIGHT;0.13;20_34
20;35;;0.137;20_35
20;36;;0.252;20_36
20;37;;0.138;20_37
20;38;;0.132;20_38
20;39;WEIGHT;0.081;20_39
20;40;WEIGHT;0.132;20_40
20;41;;0.192;20_41
20;42;WEIGHT;0.169;20_42
20;43;;0.171;20_43
20;44;;0.117;20_44
20;45;;0.16;20_45
20;46;;0.169;20_46
20;47;WEIGHT;0.206;20_47
20;48;;0.048;20_48
21;1;;0.201;21_1
21;2;;0.139;21_2
21;3;WEIGHT;0.102;21_3
21;4;;0.206;21_4
21;5;;0.183;21_5
21;6;WEIGHT;0.26;21_6
21;7;;0.33;21_7
21;8;;0.211;21_8
21;9;;0.279;21_9
21;10;;0.278;21_10
21;11;;0.278;21_11
21;12;;0.256;21_12
21;13;;0.168;21_13
21;14;;0.205;21_14
21;15;;0.341;21_15
21;16;;0.061;21_16
21;17;;0.066;21_17
21;18;;0.198;21_18
21;19;;0.057;21_19
21;20;;0.325;21_20
21;21;;0.331;21_21
21;22;;0.255;21_22
21;23;;0.253;21_23
21;24;;0.168;21_24
21;25;WEIGHT;0.299;21_25
21;26;;0.138;21_26
21;27;;0.224;21_27
21;28;;0.13;21_28
21;29;;0.136;21_29
21;30;;0.284;21_30
21;31;;0.162;21_31
21;32;WEIGHT;0.236;21_32
21;33;;0.197;21_33
21;34;;0.218;21_34
21;35;WEIGHT;0.107;21_35
21;36;WEIGHT;0.179;21_36
21;37;;0.25;21_37
21;38;WEIGHT;0.144;21_38
21;39;;0.309;21_39
21;40;;0.326;21_40
21;41;;0.261;21_41
21;42;WEIGHT;0.056;21_42
21;43;WEIGHT;0.214;21_43
21;44;;0.222;21_44
21;45;;0.152;21_45
21;46;;0.256;21_46
21;47;WEIGHT;0.218;21_47
21;48;;0.286;21_48